PROVEEDORES CUENTAS. BDContabilidadGMELO 2015


A41810920	410056	AquaService CIF	410056	AquaService CIF A41810920
B86535291	410045	Ases. Gestoría Agustín del Arco	410045	Ases. Gestoría Agustín del Arco B86535291
50320069	410048	Ases. Laboral JON LÓPEZ GURRUCHAGA	410048	Ases. Laboral JON LÓPEZ GURRUCHAGA 50320069"
B45471471	410082	BIGMAT ALOTRANS S.L.	410082	BIGMAT ALOTRANS S.L.  - B45471471
B47530019	410026	DI PIETRA ACCESORI	410026	DI PIETRA ACCESORI B47530019
B80855398	410049	EQUIFAX	410049	EQUIFAX B80855398
A80029150	410051	Fénix Directo Seguros y Reaseguros	410051	Fénix Directo Seguros y Reaseguros A80029150
B86006133	410055	Ferr. Ferintegra CIF	410055	Ferr. Ferintegra CIF B86006133
02660549R	410071	Ferr. Ferretería FERRYBOX	410071	Ferr. Ferretería FERRYBOX 02660549R
A45028842	410058	Ferr. Los Belis, S.A. Materiales de construcción	410058	Ferr. Los Belis, S.A. Materiales de construcción A45028842
B81862635	410073	Ferr. Miguel Blanco Díaz.	410073	Ferr. Miguel Blanco Díaz. 02667303Q
B86048717	410030	Ferr. Pinturas Borreeguero	410030	Ferretería Puerta de Madrid, S.L. B86598869
52995814H	410079	FERRETERÍA. FOLDER	410079	Ferr. Ferretería Folder  - 52995813H
B80658461	410074	Gas. JIHUPA, S.L.	410074	Gas. JIHUPA, S.L.  B-80658461
B04762266	400007	Gasol. Cadena Low Cost, S.L.	400007	Gasol. Cadena Low Cost, S.L. B04762266
A78492782	400009	Gasol. CAMPSA	400009	CAMPSA A78492782
A80298896	400006	Gasol. CEPSA	400006	CEPSA A80298896
B18931741	400008	Gasol. Combustibles ROALBA, S.L.	400008	Gasol. Combustibles ROALBA, S.L. B18931741
A28138758	400001	Gasol. Galfab, S.A.	400001	Gasol. Galfab, S.A. A28138758
A80298839	400004	Gasol. Repsol	400004	Repsol A80298839
A81310492	400002	Gasol. Serv. y Lav. S.S. Reyes	400002	Gasol. Serv. y Lav. S.S. Reyes A81310492
B37313335	410077	GASOLINERA. E.S. Bernal	--------> SIN CUENTA
A84619485	410046	HIBU CONNECT, S.A.U.	410046	HIBU CONNECT, S.A.U. A84619485
B81862625	410072	Infor. Check Computers, S.L.	410072	Infor. Check Computers, S.L. B81862625
B82808734	410068	Infor. El Almacen del Consumible.	410068	Infor. El Almacen del Consumible. B82808734
A65739708	410076	INFORMÁTICA. Media Markt	410076	Infor. Media Markt  - A65739708
22493618D	410069	Notaría Joaquín OSUNA COSTA	410069	Notaría Joaquín OSUNA COSTA 22493618D
A78495058	410042	Pap. CERSA - Cía. Española de Reprografía y Servicios S.A.	410042	Pap. CERSA - Cía. Española de Reprografía y Servicios S.A. A78495058
52995813H	410070	Pap. Folder	410070	Pap. Folder 52995813H
50692346R	410015	Pap. Papelería Nueva Filadelfia	410015	Pap. Papelería Nueva Filadelfia 50692346R
50814368P	410041	Pap. Papelería Teac Digital	410041	Pap. Papelería Teac Digital 50814368P
50814367P	410066	Pap. Teac	410066	Pap. Teac 50814368P
B80304389	410002	Parking. Aparcamientos Europeos SL	410002	Parking. Aparcamientos Europeos SL B80304389
A28024941	410062	Parking. Aparcamientos y Obras S.A.	410062	Parking. Aparcamientos y Obras S.A. A28024941
Parking.2	410004	Parking. CREDESA	410004	Parking. Aparcamiento Las Cortes A78320736
A40018111	410054	Parking. Cuartel Huerta NIF	410054	Parking. PRINCESA, 5 A59790147
A28443596	410063	Parking. Diteha Ibiza, S.A.	410063	Parking. Diteha Ibiza, S.A. A28443596
A78320736	410036	Parking. EMPARK aparcamientos S.A.	410036	Parking. EMPARK aparcamientos S.A. A78320736
B86991338	410037	Parking. GRUPO CASTELLANO UNO S.L.	410037	Parking. PLAZA DEL REY, SAU A28169183
B78908605	410057	Parking. Grupo Corporativo London	410057	Parking. Grupo Corporativo London B78908605
A08197931	410001	Parking. SABA aparcamientos S.A.	410001	Materiales y azulejos Petri S.L. B81615015
X6914083F	410053	Pastelería Astur NIF	--------> SIN CUENTA
A28732667	410012	Pastelería Mallorca	--------> SIN CUENTA
A28011716	410009	Pastelería Viena Capellanes	--------> SIN CUENTA
A78130051	410075	RESTAURANTES. Asador de Aranda	--------> SIN CUENTA
B83848168	410078	RESTAURANTES. LAREDO	--------> SIN CUENTA
B82798943	410008	Rte. Burguer King	--------> SIN CUENTA
A28836880	410059	Rte. Burguer King	--------> SIN CUENTA
B86758471	410006	Rte. Entremesas	410006	Rte. Entremesas B86758471
B86751146	410060	Rte. Flunch	--------> SIN CUENTA
B40000421	410014	Rte. Happig	--------> SIN CUENTA
B23716335	410011	Rte. La Perdiz	--------> SIN CUENTA
B85211266	410007	Rte. Le pain quotidien	--------> SIN CUENTA
05416479W	410061	Rte. Puerto Rico	--------> SIN CUENTA
A28406338	410010	Rte. Rocafria	--------> SIN CUENTA
B28264901	410013	Rte. Rodilla	--------> SIN CUENTA
F78950763	400003	Sdad. Coop. Madrileña Distrito 21	400003	Gasol. Gesa B82444324
A78520293	410050	Seguros BBVA	410050	Seguros BBVA A78520293
A78520203	410052	Seguros. Reale Seguros	410052	Seguros. Reale Seguros A78520293
A28600278	410025	Super. AHORRA MAS	410025	Super. AHORRA MAS A28600278
B84160233	410024	Super. ALDI	410024	Super. ALDI B84160233
B82427758	410032	Super. CARREFOUR	410032	Super. CARREFOUR B82427758
B80474893	410035	Super. CONDIS 0766 -	410035	Super. CONDIS 0766 - B80474893
A28164754	410031	Super. DIA	410031	Super. DIA A28164754
B85999092	410040	Super. Don Fruta	410040	Super. Don Fruta B85999092
A82101908	410019	Super. FANN Megacuadro S.A.	410019	Super. FANN Megacuadro S.A. A82101908
0804342D	410039	Super. FARMACIA Angela Gallardo	410039	Parking. PLAZA DEL CARMEN A28086858
51373364N	410067	Super. FARMACIA ASTURA	410067	Super. FARMACIA ASTURA 51373364N
52145550J	410022	Super. FARMACIA Marta Gago Cabezudo	410022	Super. FARMACIA Marta Gago Cabezudo 052145550J
B85413714	410023	Super. Frutos secos Fco. Silvela, 50	410023	Super. Frutos secos Fco. Silvela, 50 B85413714
A28812618	410017	Super. IKEA IBÉRICA S.A.	410017	Super. IKEA IBÉRICA S.A. A28812618
A46103844	410034	Super. Industrias Carnicas  A46103834	410034	Gasol. BALLENOIL B65371171
B64774102	410021	Super. KIKO RETAIL ESPAÑA	410021	Super. KIKO RETAIL ESPAÑA B64774102
B84818442	410065	super. LEROY MERLIN	410065	Super. LEROY MERLIN B84818442
A60195278	410020	Super. LIDL	410020	Super. LIDL A60195278
A28647451	400005	Super. MAKRO	400005	MAKRO A28647451
A46103834	410033	Super. MERCADONA	410033	Super. MERCADONA A46103834
B86811627	410005	Super. Mulaya	410005	TYCO B82115577
A59408492	410027	Super. NESPRESSO	410027	Super. NESPRESSO A59408492
B79993580	410044	Super. Suministros Limpiadores S.L.	--------> SIN CUENTA
B86159662	410029	Super. SUPER ASIA SUPER MUNDO S.L.	410029	Super. SUPER ASIA SUPER MUNDO S.L. B86159662
B85645570	410043	Suyman HDR S.L.	410043	Suyman HDR S.L. B85645570
50865123W	410018	Talleres Morasol	410018	Talleres Morasol 50865123W
A28973030	410080	TALLERES. GRUPASA	410080	Talleres Grupasa  - A28973030
B86625951	410028	Taxis HAILO NETWORK IBERIA S.L.U.	410028	Taxis HAILO NETWORK IBERIA S.L.U. B86625951
27067565S	410064	Transp. Francisco Tijeras Colomina	410064	Transp. Francisco Tijeras Colomina 27067565S
B86721834	410047	Transp. FURGOMADRID, S. L.	410047	Transp. FURGOMADRID, S. L. B86721834


CUENTAS PROVEEDORES. BDContabilidadGMELO 2015


400001	Gasol. Galfab, S.A. A28138758	400001	Gasol. Galfab, S.A.
400002	Gasol. Serv. y Lav. S.S. Reyes A81310492	400002	Gasol. Serv. y Lav. S.S. Reyes
400003	Gasol. Gesa B82444324	400003	Sdad. Coop. Madrileña Distrito 21
400004	Repsol A80298839	400004	Gasol. Repsol
400005	MAKRO A28647451	400005	Super. MAKRO
400006	CEPSA A80298896	400006	Gasol. CEPSA
400007	Gasol. Cadena Low Cost, S.L. B04762266	400007	Gasol. Cadena Low Cost, S.L.
400008	Gasol. Combustibles ROALBA, S.L. B18931741	400008	Gasol. Combustibles ROALBA, S.L.
400009	CAMPSA A78492782	400009	Gasol. CAMPSA
410001	Materiales y azulejos Petri S.L. B81615015	410001	Parking. SABA aparcamientos S.A.
410002	Parking. Aparcamientos Europeos SL B80304389	410002	Parking. Aparcamientos Europeos SL
410004	Parking. Aparcamiento Las Cortes A78320736	410004	Parking. CREDESA
410005	TYCO B82115577	410005	Super. Mulaya
410006	Rte. Entremesas B86758471	410006	Rte. Entremesas
410015	Pap. Papelería Nueva Filadelfia 50692346R	410015	Pap. Papelería Nueva Filadelfia
410017	Super. IKEA IBÉRICA S.A. A28812618	410017	Super. IKEA IBÉRICA S.A.
410018	Talleres Morasol 50865123W	410018	Talleres Morasol
410019	Super. FANN Megacuadro S.A. A82101908	410019	Super. FANN Megacuadro S.A.
410020	Super. LIDL A60195278	410020	Super. LIDL
410021	Super. KIKO RETAIL ESPAÑA B64774102	410021	Super. KIKO RETAIL ESPAÑA
410022	Super. FARMACIA Marta Gago Cabezudo 052145550J	410022	Super. FARMACIA Marta Gago Cabezudo
410023	Super. Frutos secos Fco. Silvela, 50 B85413714	410023	Super. Frutos secos Fco. Silvela, 50
410024	Super. ALDI B84160233	410024	Super. ALDI
410025	Super. AHORRA MAS A28600278	410025	Super. AHORRA MAS
410026	DI PIETRA ACCESORI B47530019	410026	DI PIETRA ACCESORI
410027	Super. NESPRESSO A59408492	410027	Super. NESPRESSO
410028	Taxis HAILO NETWORK IBERIA S.L.U. B86625951	410028	Taxis HAILO NETWORK IBERIA S.L.U.
410029	Super. SUPER ASIA SUPER MUNDO S.L. B86159662	410029	Super. SUPER ASIA SUPER MUNDO S.L.
410030	Ferretería Puerta de Madrid, S.L. B86598869	410030	Ferr. Pinturas Borreeguero
410031	Super. DIA A28164754	410031	Super. DIA
410032	Super. CARREFOUR B82427758	410032	Super. CARREFOUR
410033	Super. MERCADONA A46103834	410033	Super. MERCADONA
410034	Gasol. BALLENOIL B65371171	410034	Super. Industrias Carnicas  A46103834
410035	Super. CONDIS 0766 - B80474893	410035	Super. CONDIS 0766 -
410036	Parking. EMPARK aparcamientos S.A. A78320736	410036	Parking. EMPARK aparcamientos S.A.
410037	Parking. PLAZA DEL REY, SAU A28169183	410037	Parking. GRUPO CASTELLANO UNO S.L.
410039	Parking. PLAZA DEL CARMEN A28086858	410039	Super. FARMACIA Angela Gallardo
410040	Super. Don Fruta B85999092	410040	Super. Don Fruta
410041	Pap. Papelería Teac Digital 50814368P	410041	Pap. Papelería Teac Digital
410042	Pap. CERSA - Cía. Española de Reprografía y Servicios S.A. A78495058	410042	Pap. CERSA - Cía. Española de Reprografía y Servicios S.A.
410043	Suyman HDR S.L. B85645570	410043	Suyman HDR S.L.
410045	Ases. Gestoría Agustín del Arco B86535291	410045	Ases. Gestoría Agustín del Arco
410046	HIBU CONNECT, S.A.U. A84619485	410046	HIBU CONNECT, S.A.U.
410047	Transp. FURGOMADRID, S. L. B86721834	410047	Transp. FURGOMADRID, S. L.
410048	Ases. Laboral JON LÓPEZ GURRUCHAGA 50320069"	410048	Ases. Laboral JON LÓPEZ GURRUCHAGA
410049	EQUIFAX B80855398	410049	EQUIFAX
410050	Seguros BBVA A78520293	410050	Seguros BBVA
410051	Fénix Directo Seguros y Reaseguros A80029150	410051	Fénix Directo Seguros y Reaseguros
410052	Seguros. Reale Seguros A78520293	410052	Seguros. Reale Seguros
410054	Parking. PRINCESA, 5 A59790147	410054	Parking. Cuartel Huerta NIF
410055	Ferr. Ferintegra CIF B86006133	410055	Ferr. Ferintegra CIF
410056	AquaService CIF A41810920	410056	AquaService CIF
410057	Parking. Grupo Corporativo London B78908605	410057	Parking. Grupo Corporativo London
410058	Ferr. Los Belis, S.A. Materiales de construcción A45028842	410058	Ferr. Los Belis, S.A. Materiales de construcción
410062	Parking. Aparcamientos y Obras S.A. A28024941	410062	Parking. Aparcamientos y Obras S.A.
410063	Parking. Diteha Ibiza, S.A. A28443596	410063	Parking. Diteha Ibiza, S.A.
410064	Transp. Francisco Tijeras Colomina 27067565S	410064	Transp. Francisco Tijeras Colomina
410065	Super. LEROY MERLIN B84818442	410065	super. LEROY MERLIN
410066	Pap. Teac 50814368P	410066	Pap. Teac
410067	Super. FARMACIA ASTURA 51373364N	410067	Super. FARMACIA ASTURA
410068	Infor. El Almacen del Consumible. B82808734	410068	Infor. El Almacen del Consumible.
410069	Notaría Joaquín OSUNA COSTA 22493618D	410069	Notaría Joaquín OSUNA COSTA
410070	Pap. Folder 52995813H	410070	Pap. Folder
410071	Ferr. Ferretería FERRYBOX 02660549R	410071	Ferr. Ferretería FERRYBOX
410072	Infor. Check Computers, S.L. B81862625	410072	Infor. Check Computers, S.L.
410073	Ferr. Miguel Blanco Díaz. 02667303Q	410073	Ferr. Miguel Blanco Díaz.
410074	Gas. JIHUPA, S.L.  B-80658461	410074	Gas. JIHUPA, S.L.
410076	Infor. Media Markt  - A65739708	410076	INFORMÁTICA. Media Markt
410079	Ferr. Ferretería Folder  - 52995813H	410079	FERRETERÍA. FOLDER
410080	Talleres Grupasa  - A28973030	410080	TALLERES. GRUPASA
410082	BIGMAT ALOTRANS S.L.  - B45471471	410082	BIGMAT ALOTRANS S.L.
